url,title,image_url,page_type,category,activity,publish_date
https://mipsprotection.com/what-does-mips-mean/,What Does MIPS Mean,images/inspiration.jpg,inspiration,,,2023-04-04
https://mipsprotection.com/helmet-technology/,Helmet Technology,images/technology.jpg,technology,,,2025-03-31
https://mipsprotection.com/bike/,Bike helmets overview,images/helmets.jpg,helmets,bike,cycling,2025-08-02
https://mipsprotection.com/helmet-safety/how-long-do-helmets-last/,How Long Do Helmets Last,images/inspiration.jpg,inspiration,,,2023-05-05
https://mipsprotection.com/safety-helmets/,Safety helmets,images/helmets.jpg,helmets,industrial,construction,2023-11-03
https://mipsprotection.com/helmet-safety/,Helmet Safety,images/inspiration.jpg,inspiration,,,2024-05-26
https://mipsprotection.com/bike/kids/,Kids helmets,images/helmets.jpg,helmets,bike,cycling,2025-11-05
https://mipsprotection.com/bike/bike-helmets-for-women/,Bike Helmets For Women,images/helmets.jpg,helmets,bike,cycling,2023-01-19
https://mipsprotection.com/de/fahrrad/damen/,Damen helmets,images/helmets.jpg,helmets,bike,cycling,2024-07-08
https://mipsprotection.com/equestrian/,Equestrian helmets overview,images/helmets.jpg,helmets,equestrian,horse riding,2025-02-03
https://mipsprotection.com/mips-brain-protection-system-now-available-in-all-specialized-helmet-models/,MIPS Brain Protection System Now Available In All Specialized Helmet Models,images/inspiration.jpg,inspiration,bike,road cycling,2025-10-10
https://mipsprotection.com/bike/mountainbike/,Mountainbike helmets,images/helmets.jpg,helmets,bike,mtb,2025-02-08
https://mipsprotection.com/motorsport/atv/,ATV helmets,images/helmets.jpg,helmets,motorcycle,atv,2024-09-02
https://mipsprotection.com/snow/,Snow helmets overview,images/helmets.jpg,helmets,snow,snow sports,2025-04-06
https://mipsprotection.com/mips-for-dummies/,MIPS For Dummies,images/inspiration.jpg,inspiration,,,2025-02-21
https://mipsprotection.com/snow/skiing/,Skiing helmets,images/helmets.jpg,helmets,snow,skiing,2024-08-29
https://mipsprotection.com/safety-helmets/hard-hats/,Hard Hats helmets,images/helmets.jpg,helmets,industrial,construction,2024-11-19
https://mipsprotection.com/motorcycle/,Motorcycle helmets overview,images/helmets.jpg,helmets,motorcycle,motorcycling,2024-10-19
https://mipsprotection.com/helmet-safety/faq/,FAQ,images/inspiration.jpg,inspiration,,,2023-08-25
https://mipsprotection.com/snow/snowboarding/,Snowboarding helmets,images/helmets.jpg,helmets,snow,snowboarding,2023-04-12
https://mipsprotection.com/bike/the-best-bike-helmet/,The Best Bike Helmet,images/helmets.jpg,helmets,bike,cycling,2023-06-08
https://mipsprotection.com/climbing/,Climbing helmets overview,images/helmets.jpg,helmets,climbing,climbing,2024-03-22
https://mipsprotection.com/bike/bike-helmets-for-men/,Bike Helmets For Men,images/helmets.jpg,helmets,bike,cycling,2025-09-30
https://mipsprotection.com/motorsport/,Motorsport helmets,images/helmets.jpg,helmets,motorcycle,motorcycling,2023-06-07
https://mipsprotection.com/product-range/,Product Range,images/technology.jpg,technology,,,2025-02-15
https://mipsprotection.com/snow/kids-helmet/,Kids Helmet,images/helmets.jpg,helmets,snow,snow sports,2025-08-14
https://mipsprotection.com/skateboard-helmets/,Skateboard Helmets,images/helmets.jpg,helmets,action sports,skateboard,2025-10-18
https://mipsprotection.com/bike/urban/,Urban helmets,images/helmets.jpg,helmets,bike,cycling,2023-09-30
https://mipsprotection.com/mx/,MX helmets,images/helmets.jpg,helmets,motorcycle,mx,2025-07-14
https://mipsprotection.com/helmet-safety/clean-bike-helmet/,Clean Bike Helmet,images/inspiration.jpg,inspiration,,,2024-03-27
https://mipsprotection.com/mips-equipped-helmets-now-the-majority-among-world-tour-teams/,MIPS Equipped Helmets Now The Majority Among World Tour Teams,images/inspiration.jpg,inspiration,bike,road cycling,2025-10-19
https://mipsprotection.com/safest-road-bike-helmets-2023/,Safest Road Bike Helmets 2023,images/inspiration.jpg,inspiration,,,2025-10-05
https://mipsprotection.com/mips-is-leading-the-world-to-safer-helmets/,MIPS Is Leading The World To Safer Helmets,images/inspiration.jpg,inspiration,,,2025-12-18
https://mipsprotection.com/bike/bmx-helmets/,Bmx Helmets,images/helmets.jpg,helmets,bike,cycling,2025-03-16
https://mipsprotection.com/bike/road/,Road helmets,images/helmets.jpg,helmets,bike,road cycling,2025-09-30
https://mipsprotection.com/full-face-helmet/,Full Face Helmet,images/helmets.jpg,helmets,motorcycle,motorcycling,2025-05-20
https://mipsprotection.com/helmet-technology/mips-safety-system-functionality/,MIPS Safety System Functionality,images/technology.jpg,technology,,,2023-11-21
https://mipsprotection.com/motogp-racer-aleix-espargaro-joins-team-mips/,Motogp Racer Aleix Espargaro Joins Team MIPS,images/inspiration.jpg,inspiration,motorcycle,motogp,2025-07-26
https://mipsprotection.com/motorsport/mx/,MX helmets,images/helmets.jpg,helmets,motorcycle,mx,2023-04-05
https://mipsprotection.com/motorsport/snowmobile-helmet/,Snowmobile Helmet,images/helmets.jpg,helmets,motorcycle,motorcycling,2025-05-22
https://mipsprotection.com/team-mips/brandon-semenuk/,Brandon Semenuk,images/inspiration.jpg,inspiration,,,2025-06-29
https://mipsprotection.com/mips-unable-to-replicate-new-wavecel-helmet-technology-performance-claims/,MIPS Unable To Replicate New Wavecel Helmet Technology Performance Claims,images/inspiration.jpg,inspiration,,,2025-05-03
https://mipsprotection.com/helmet-technology/test-lab/,Test Lab,images/technology.jpg,technology,,,2023-01-31
https://mipsprotection.com/what-is-mips-in-helmets-and-why-it-matters-when-choosing-a-mountain-bike-helmet/,What Is MIPS In Helmets And Why It Matters When Choosing A Mountain Bike Helmet,images/inspiration.jpg,inspiration,,,2024-06-01
https://mipsprotection.com/worlds-first-safety-helmet-with-mips-brain-protection-system-released/,Worlds First Safety Helmet With MIPS Brain Protection System Released,images/inspiration.jpg,inspiration,,,2024-08-07
https://mipsprotection.com/product-range/mips-air-node/,MIPS Air Node,images/technology.jpg,technology,,,2025-08-22
https://mipsprotection.com/team-mips/henrik-harlaut/,Henrik Harlaut,images/inspiration.jpg,inspiration,snow,freestyle skiing,2024-04-01
https://mipsprotection.com/folksams-test-of-equestrian-helmets-show-major-differences-in-levels-of-protection/,Folksams Test Of Equestrian Helmets Show Major Differences In Levels Of Protection,images/inspiration.jpg,inspiration,equestrian,helmet test,2024-10-24
https://mipsprotection.com/why-hockey-helmets-need-a-brain-protection-system/,Why Hockey Helmets Need A Brain Protection System,images/inspiration.jpg,inspiration,,,2023-09-08
https://mipsprotection.com/mips-meets-changes-to-ballistic-helmet-testing-standards/,MIPS Meets Changes To Ballistic Helmet Testing Standards,images/inspiration.jpg,inspiration,,,2025-12-29
https://mipsprotection.com/product-range/mips-spherical/,MIPS Spherical,images/technology.jpg,technology,,,2025-04-04
https://mipsprotection.com/motorcycle-industry-icon-carey-hart-becomes-mips-ambassador/,Motorcycle Industry Icon Carey Hart Becomes MIPS Ambassador,images/inspiration.jpg,inspiration,,,2023-07-13
https://mipsprotection.com/virginia-tech-updates-their-tested-helmets/,Virginia Tech Updates Their Tested Helmets,images/inspiration.jpg,inspiration,,,2025-11-05
https://mipsprotection.com/bike/mountainbike/full-face-mtb-helmet/,Full Face Mtb Helmet,images/helmets.jpg,helmets,bike,mtb,2024-04-05
https://mipsprotection.com/helmet/,Helmet,images/inspiration.jpg,inspiration,,,2024-03-18
https://mipsprotection.com/team-mips/joan-mir/,Joan Mir,images/inspiration.jpg,inspiration,motorcycle,motogp,2024-01-26
https://mipsprotection.com/mips-reveals-high-employee-survey-score-exceeds-industry-benchmark-levels-of-employee-engagement-and-satisfaction/,MIPS Reveals High Employee Survey Score Exceeds Industry Benchmark Levels Of Employee Engagement And Satisfaction,images/inspiration.jpg,inspiration,,,2024-07-06
https://mipsprotection.com/mips-and-msa-safety-announce-partnership-to-bolster-their-commitment-to-workplace-safety/,MIPS And Msa Safety Announce Partnership To Bolster Their Commitment To Workplace Safety,images/inspiration.jpg,inspiration,industrial,workplace safety,2024-01-15
https://mipsprotection.com/product-range/mips-evolve-core/,MIPS Evolve Core,images/technology.jpg,technology,,,2025-05-29
https://mipsprotection.com/snow/kids-helmet/ski-helmet-for-kids/,Ski Helmet For Kids,images/helmets.jpg,helmets,snow,snow sports,2024-12-31
https://mipsprotection.com/snow/alpine-racing/,Alpine Racing helmets,images/helmets.jpg,helmets,snow,snow sports,2025-11-10
https://mipsprotection.com/mips-the-company/news/,News,images/news.jpg,news,corporate,news,2025-11-24
https://mipsprotection.com/mx/dirt-bike-helmets/,Dirt Bike Helmets,images/helmets.jpg,helmets,motorcycle,mx,2023-05-03
https://mipsprotection.com/the-mips-safety-system-more-integrated-than-ever/,The MIPS Safety System More Integrated Than Ever,images/inspiration.jpg,inspiration,,,2025-02-12
https://mipsprotection.com/mips-announces-a-strong-global-customer-base-in-safety-helmets-2021-review/,MIPS Announces A Strong Global Customer Base In Safety Helmets 2021 Review,images/inspiration.jpg,inspiration,,,2023-09-12
https://mipsprotection.com/helmet-technology/history/,History,images/technology.jpg,technology,,,2025-04-26
https://mipsprotection.com/mips-the-company/press-room/,Press Room,images/news.jpg,news,corporate,press,2025-08-23
https://mipsprotection.com/the-lasting-effects-of-brain-injury/,The Lasting Effects Of Brain Injury,images/inspiration.jpg,inspiration,,,2025-08-07
https://mipsprotection.com/how-we-use-head-forms-in-our-helmet-testing/,How We Use Head Forms In Our Helmet Testing,images/inspiration.jpg,inspiration,,,2025-10-22
https://mipsprotection.com/helmet-technology/the-fe-model/,The Fe Model,images/technology.jpg,technology,,,2023-01-29
https://mipsprotection.com/washing-and-replacement-instructions/,Washing And Replacement Instructions,images/inspiration.jpg,inspiration,,,2023-07-08
https://mipsprotection.com/helmet-technology/test-angles-and-impact-location/,Test Angles And Impact Location,images/technology.jpg,technology,,,2024-11-12
https://mipsprotection.com/mips-and-husqvarna-announce-partnership-bringing-helmet-based-safety-technology-to-forestry/,MIPS And Husqvarna Announce Partnership Bringing Helmet Based Safety Technology To Forestry,images/inspiration.jpg,inspiration,,,2025-06-21
https://mipsprotection.com/mips-launches-two-new-helmet-safety-solutions-at-eurobike-2022/,MIPS Launches Two New Helmet Safety Solutions At Eurobike 2022,images/inspiration.jpg,inspiration,,,2024-02-04
https://mipsprotection.com/hangtag-air-node/,Hangtag Air Node,images/technology.jpg,technology,,,2025-09-25
https://mipsprotection.com/team-sports/,Team Sports helmets,images/helmets.jpg,helmets,team sports,hockey,2023-08-09
https://mipsprotection.com/worlds-first-hockey-helmet-with-mips-brain-protection-system-announceds/,Worlds First Hockey Helmet With MIPS Brain Protection System Announceds,images/inspiration.jpg,inspiration,team sports,hockey,2023-07-14
https://mipsprotection.com/is-your-brain-really-protected/,Is Your Brain Really Protected,images/inspiration.jpg,inspiration,,,2023-04-01
https://mipsprotection.com/bolle-commits-100-percent/,Bolle Commits 100 Percent,images/inspiration.jpg,inspiration,,,2024-10-10
https://mipsprotection.com/product-range/mips-integra-split/,MIPS Integra Split,images/technology.jpg,technology,,,2025-05-27
https://mipsprotection.com/product-range/mips-integra-fuse/,MIPS Integra Fuse,images/technology.jpg,technology,,,2023-10-03
https://mipsprotection.com/sustainability/our-employees/,Our Employees,images/inspiration.jpg,inspiration,,,2025-04-17
https://mipsprotection.com/mips-progresses-virtual-test-lab-environment/,MIPS Progresses Virtual Test Lab Environment,images/inspiration.jpg,inspiration,,,2025-08-13
https://mipsprotection.com/helmet-technology/third-party-studies/,Third Party Studies,images/technology.jpg,technology,,,2024-08-28
https://mipsprotection.com/mx/youth-dirt-bike-helmet/,Youth Dirt Bike Helmet,images/helmets.jpg,helmets,motorcycle,mx,2024-11-11
https://mipsprotection.com/helmet-technology/brain-sensitivity-and-impact/,Brain Sensitivity And Impact,images/technology.jpg,technology,,,2023-04-13
https://mipsprotection.com/product-range/mips-integra-tx/,MIPS Integra Tx,images/technology.jpg,technology,,,2025-11-21
https://mipsprotection.com/team-mips/marion-haerty/,Marion Haerty,images/inspiration.jpg,inspiration,snow,freestyle skiing,2024-03-11
https://mipsprotection.com/folksam-releases-results-from-latest-helmet-tests/,Folksam Releases Results From Latest Helmet Tests,images/inspiration.jpg,inspiration,,,2025-03-28
https://mipsprotection.com/passionate-about-workplace-safety-delta-plus-and-mips-announce-partnership/,Passionate About Workplace Safety Delta Plus And MIPS Announce Partnership,images/inspiration.jpg,inspiration,,,2025-11-19
https://mipsprotection.com/mips-and-kabuto-launch-motogp-partnership/,MIPS And Kabuto Launch Motogp Partnership,images/inspiration.jpg,inspiration,motorcycle,motogp,2024-12-18
https://mipsprotection.com/hard-hat-safety-campaign-drives-awareness-of-brain-injuries-on-construction-sites/,Hard Hat Safety Campaign Drives Awareness Of Brain Injuries On Construction Sites,images/inspiration.jpg,inspiration,industrial,construction,2023-05-18
https://mipsprotection.com/team-mips-signs-mountain-bike-champion-brandon-semenuk/,Team MIPS Signs Mountain Bike Champion Brandon Semenuk,images/inspiration.jpg,inspiration,bike,mtb,2023-05-10
https://mipsprotection.com/gothenburg-horse-show/,Gothenburg Horse Show,images/inspiration.jpg,inspiration,equestrian,horse show,2025-09-05
https://mipsprotection.com/mips-acquires-patent-rights-and-the-brand-fluid-inside/,MIPS Acquires Patent Rights And The Brand Fluid Inside,images/inspiration.jpg,inspiration,,,2024-02-03
https://mipsprotection.com/product-range/mips-essential-core/,MIPS Essential Core,images/technology.jpg,technology,,,2025-01-06
https://mipsprotection.com/nick-sanders/,Nick Sanders,images/inspiration.jpg,inspiration,,,2025-06-28
https://mipsprotection.com/mips-technology-gains-momentum-with-near-universal-adoption-by-world-tour-teams/,MIPS Technology Gains Momentum With Near Universal Adoption By World Tour Teams,images/inspiration.jpg,inspiration,bike,road cycling,2025-04-06
https://mipsprotection.com/survey-highlights-knowledge-gap-around-head-injuries-in-construction/,Survey Highlights Knowledge Gap Around Head Injuries In Construction,images/inspiration.jpg,inspiration,industrial,construction,2024-09-04
https://mipsprotection.com/mips-leader-in-helmet-based-safety-presents-2023-sustainability-report/,MIPS Leader In Helmet Based Safety Presents 2023 Sustainability Report,images/inspiration.jpg,inspiration,,,2023-07-21
https://mipsprotection.com/the-future-of-helmet-development-is-here-mips-unveils-its-finite-element-analysis-tool/,The Future Of Helmet Development Is Here MIPS Unveils Its Finite Element Analysis Tool,images/inspiration.jpg,inspiration,,,2023-01-07
https://mipsprotection.com/careers/navigating-growth-and-innovation-at-mips/,Navigating Growth And Innovation At MIPS,images/inspiration.jpg,inspiration,,,2023-06-26
https://mipsprotection.com/protective-industrial-products-introduces-mips-technology-to-the-north-american-ppe-market/,Protective Industrial Products Introduces MIPS Technology To The North American Ppe Market,images/inspiration.jpg,inspiration,industrial,ppe,2024-04-17
https://mipsprotection.com/mips-partners-with-giro-and-introduces-new-snow-helmets-2/,MIPS Partners With Giro And Introduces New Snow Helmets 2,images/inspiration.jpg,inspiration,,,2025-12-24
https://mipsprotection.com/product-range/mips-elevate-core/,MIPS Elevate Core,images/technology.jpg,technology,,,2023-09-30
https://mipsprotection.com/hangtag/,Hangtag,images/technology.jpg,technology,,,2025-11-29
https://mipsprotection.com/motocross-world-champion-jorge-prado-joins-team-mips/,Motocross World Champion Jorge Prado Joins Team MIPS,images/inspiration.jpg,inspiration,motorcycle,mx,2023-03-19
https://mipsprotection.com/mips-the-official-safety-partner-of-motocross-world-championship/,MIPS The Official Safety Partner Of Motocross World Championship,images/inspiration.jpg,inspiration,motorcycle,mx,2023-07-08
https://mipsprotection.com/mips-and-arco-announce-head-protection-education-partnership/,MIPS And Arco Announce Head Protection Education Partnership,images/inspiration.jpg,inspiration,,,2024-07-14
https://mipsprotection.com/multi-mxgp-world-champion-tim-gajser-and-australian-star-mitch-evans-join-team-mips-in-hrc-sponsorship-deal/,Multi Mxgp World Champion Tim Gajser And Australian Star Mitch Evans Join Team MIPS In Hrc Sponsorship Deal,images/inspiration.jpg,inspiration,motorcycle,mx,2023-01-09
https://mipsprotection.com/sustainability/,Sustainability,images/inspiration.jpg,inspiration,,,2024-03-01
https://mipsprotection.com/team-mips/jorge-prado/,Jorge Prado,images/inspiration.jpg,inspiration,motorcycle,mx,2023-05-28
https://mipsprotection.com/sustainability/our-supply-chain/,Our Supply Chain,images/inspiration.jpg,inspiration,,,2025-02-24
https://mipsprotection.com/mips-extends-partnership-with-team-hrc-in-mxgp/,MIPS Extends Partnership With Team Hrc In Mxgp,images/inspiration.jpg,inspiration,motorcycle,mx,2024-08-31
https://mipsprotection.com/team-mips-marion-haerty/,Team MIPS Marion Haerty,images/inspiration.jpg,inspiration,,,2023-09-13
https://mipsprotection.com/how-helmet-based-safety-leader-prioritizes-diversity-equality-and-inclusion-through-hiring-practices/,How Helmet Based Safety Leader Prioritizes Diversity Equality And Inclusion Through Hiring Practices,images/inspiration.jpg,inspiration,,,2023-06-16
https://mipsprotection.com/the-influence-of-the-neck-on-head-kinematics-after-an-impact-from-a-striking-object/,The Influence Of The Neck On Head Kinematics After An Impact From A Striking Object,images/inspiration.jpg,inspiration,,,2024-02-06
https://mipsprotection.com/team-mips/team-hrc-mxgp/,Team Hrc Mxgp,images/inspiration.jpg,inspiration,motorcycle,mx,2025-10-01
https://mipsprotection.com/progressive-supply-chain-strategy-to-reduce-carbon-emissions/,Progressive Supply Chain Strategy To Reduce Carbon Emissions,images/inspiration.jpg,inspiration,,,2025-09-10
https://mipsprotection.com/mips-brand-partners-bring-attention-to-continued-expansion/,MIPS Brand Partners Bring Attention To Continued Expansion,images/inspiration.jpg,inspiration,,,2025-07-03
https://mipsprotection.com/safest-mountainbike-helmets/,Safest Mountainbike Helmets,images/inspiration.jpg,inspiration,,,2023-11-14
https://mipsprotection.com/sustainability/our-products/,Our Products,images/technology.jpg,technology,,,2025-02-26
https://mipsprotection.com/mips-continues-into-second-year-as-official-safety-partner-at-gothenburg-horse-show-2024/,MIPS Continues Into Second Year As Official Safety Partner At Gothenburg Horse Show 2024,images/inspiration.jpg,inspiration,,,2024-12-04
https://mipsprotection.com/ergodyne-join-forces-with-mips/,Ergodyne Join Forces With MIPS,images/inspiration.jpg,inspiration,,,2024-05-07
https://mipsprotection.com/careers/blending-athletic-drive-with-project-leadership-at-mips/,Blending Athletic Drive With Project Leadership At MIPS,images/inspiration.jpg,inspiration,,,2023-07-10
https://mipsprotection.com/desiree-falk-olsson/,Desiree Falk Olsson,images/inspiration.jpg,inspiration,,,2023-06-27
https://mipsprotection.com/managing-resources-and-culture-at-mips/,Managing Resources And Culture At MIPS,images/inspiration.jpg,inspiration,,,2023-09-28
https://mipsprotection.com/hangtag-integra-tx/,Hangtag Integra Tx,images/technology.jpg,technology,,,2024-03-18
https://mipsprotection.com/helmet-based-safety-leader-mips-releases-2022-sustainability-report/,Helmet Based Safety Leader MIPS Releases 2022 Sustainability Report,images/inspiration.jpg,inspiration,,,2025-01-27
https://mipsprotection.com/mips-creators-receive-2019-polhem-prize/,MIPS Creators Receive 2019 Polhem Prize,images/inspiration.jpg,inspiration,,,2024-12-09
https://mipsprotection.com/academy/,Academy,images/inspiration.jpg,inspiration,,,2023-05-25
https://mipsprotection.com/gustav-meissner/,Gustav Meissner,images/inspiration.jpg,inspiration,,,2023-03-08
https://mipsprotection.com/survey-reveals-gaps-in-americans-and-germans-understanding-of-concussion-causes-and-possible-risk-reduction/,Survey Reveals Gaps In Americans And Germans Understanding Of Concussion Causes And Possible Risk Reduction,images/inspiration.jpg,inspiration,,,2025-12-26
https://mipsprotection.com/motorsport/mips-year-in-moto-2024/,MIPS Year In Moto 2024,images/inspiration.jpg,inspiration,,,2024-04-19
https://mipsprotection.com/generic-hangtag/,Generic Hangtag,images/technology.jpg,technology,,,2025-05-30
https://mipsprotection.com/careers/my-journey-from-university-to-mips/,My Journey From University To MIPS,images/inspiration.jpg,inspiration,,,2024-02-13
https://mipsprotection.com/safety-helmets/industrial-safety-helmets/,Industrial Safety Helmets,images/inspiration.jpg,inspiration,industrial,construction,2023-02-08
https://mipsprotection.com/helmet-based-safety-leader-collaborates-closely-with-universities-to-remain-at-the-leading-edge/,Helmet Based Safety Leader Collaborates Closely With Universities To Remain At The Leading Edge,images/inspiration.jpg,inspiration,,,2023-03-20
https://mipsprotection.com/testimonials/,Testimonials,images/inspiration.jpg,inspiration,,,2024-02-26
https://mipsprotection.com/hangtag-removable/,Hangtag Removable,images/technology.jpg,technology,,,2024-08-20
https://mipsprotection.com/costco-hangtag/,Costco Hangtag,images/technology.jpg,technology,,,2025-01-10
https://mipsprotection.com/josefine-dahlqvist/,Josefine Dahlqvist,images/inspiration.jpg,inspiration,,,2024-05-21
https://mipsprotection.com/wilhelm-lidstrom/,Wilhelm Lidstrom,images/inspiration.jpg,inspiration,,,2025-07-10
https://mipsprotection.com/team-mips/team-scott-sram/,Team Scott Sram,images/inspiration.jpg,inspiration,,,2023-12-22
https://mipsprotection.com/mx/mips-motocross-review-2022/,MIPS Motocross Review 2022,images/inspiration.jpg,inspiration,motorcycle,mx,2024-04-25
https://mipsprotection.com/mx/full-face-mc-helmet/,Full Face Mc Helmet,images/helmets.jpg,helmets,motorcycle,mx,2025-05-09
https://mipsprotection.com/from-thesis-to-full-time-a-journey-of-growth-at-mips/,From Thesis To Full Time A Journey Of Growth At MIPS,images/inspiration.jpg,inspiration,,,2024-07-31
https://mipsprotection.com/removable-hangtag/,Removable Hangtag,images/technology.jpg,technology,,,2024-07-18
https://mipsprotection.com/my-experience-at-mips/?preview=true,My Experience At MIPS,images/inspiration.jpg,inspiration,,,2024-03-07
https://mipsprotection.com/motorcycle/the-science-inside/,The Science Inside,images/inspiration.jpg,inspiration,,,2023-05-08
https://mipsprotection.com/motogp-world-champion-joan-mir-joins-team-mips/,Motogp World Champion Joan Mir Joins Team MIPS,images/inspiration.jpg,inspiration,,,2023-07-25